INSERT INTO space.role (id, space_id, name) VALUES
	(1, NULL, 'admin'),
	(2, NULL, 'user'),
	(3, NULL, 'operator')
	ON CONFLICT DO NOTHING;
SELECT setval('space.role_id_seq', max(id)) FROM space.role;

INSERT INTO space.space (id, name, key, requests_allowed) VALUES
('11111111-1111-1111-1111-111111111111', 'Пространство №1', 'key1', true),
('22222222-2222-2222-2222-222222222222', 'Пространство №2', 'key2', true),
('33333333-3333-3333-3333-333333333333', 'Пространство №3', 'key3', true),
('44444444-4444-4444-4444-444444444444', 'Пространство №4', 'key4', true),
('55555555-5555-5555-5555-555555555555', 'Пространство №5', 'key5', true),
('66666666-6666-6666-6666-666666666666', 'Пространство №6', 'key6', true),
('77777777-7777-7777-7777-777777777777', 'Пространство №7', 'key7', true),
('88888888-8888-8888-8888-888888888888', 'Пространство №8', 'key8', true),
('99999999-9999-9999-9999-999999999999', 'Пространство №9', 'key9', true),
('10000000-1000-1000-1000-100000000000', 'Пространство №10', 'key10', true),
('11000000-1100-1100-1100-110000000000', 'Пространство №11', 'key11', true),
('12000000-1200-1200-1200-120000000000', 'Пространство №12', 'key12', false);

INSERT INTO space.invitation (id, space_id, user_id, role_id, creator_id) VALUES
-- Меня пригласили
(1, '11111111-1111-1111-1111-111111111111', '8ad16a1d-18b1-4aaa-8b0f-f61915974c66', 2, '01000000-0000-0000-0000-000000000000'),
(2, '22222222-2222-2222-2222-222222222222','8ad16a1d-18b1-4aaa-8b0f-f61915974c66', 2, '01000000-0000-0000-0000-000000000000'),
-- Я прошусь
(3, '33333333-3333-3333-3333-333333333333', '8ad16a1d-18b1-4aaa-8b0f-f61915974c66', NULL, '8ad16a1d-18b1-4aaa-8b0f-f61915974c66'),
(4, '44444444-4444-4444-4444-444444444444', '8ad16a1d-18b1-4aaa-8b0f-f61915974c66', NULL, '8ad16a1d-18b1-4aaa-8b0f-f61915974c66'),
-- Мы пригласили
(5, '55555555-5555-5555-5555-555555555555', '03000000-0000-0000-0000-000000000000', 2, '04000000-0000-0000-0000-000000000000'),
(6, '66666666-6666-6666-6666-666666666666', '01000000-0000-0000-0000-000000000000', 3, '04000000-0000-0000-0000-000000000000'),
-- Хочет к нам
(7, '77777777-7777-7777-7777-777777777777', '03000000-0000-0000-0000-000000000000', 2, '03000000-0000-0000-0000-000000000000'),
(8, '88888888-8888-8888-8888-888888888888', '15000000-0000-0000-0000-000000000000', 3, '15000000-0000-0000-0000-000000000000'),
(9, '99999999-9999-9999-9999-999999999999', '03000000-0000-0000-0000-000000000000', 2, '03000000-0000-0000-0000-000000000000'),
(10, '11111111-1111-1111-1111-111111111111', '15000000-0000-0000-0000-000000000000', 3, '15000000-0000-0000-0000-000000000000'),
(11, '22222222-2222-2222-2222-222222222222', '03000000-0000-0000-0000-000000000000', 2, '03000000-0000-0000-0000-000000000000'),
(12, '33333333-3333-3333-3333-333333333333', '15000000-0000-0000-0000-000000000000', 3, '15000000-0000-0000-0000-000000000000'),
(13, '44444444-4444-4444-4444-444444444444', '03000000-0000-0000-0000-000000000000', 2, '03000000-0000-0000-0000-000000000000'),
(14, '55555555-5555-5555-5555-555555555555', '15000000-0000-0000-0000-000000000000', 3, '15000000-0000-0000-0000-000000000000'),
(15, '66666666-6666-6666-6666-666666666666', '03000000-0000-0000-0000-000000000000', 2, '03000000-0000-0000-0000-000000000000'),
(16, '77777777-7777-7777-7777-777777777777', '15000000-0000-0000-0000-000000000000', 3, '15000000-0000-0000-0000-000000000000'),
-- Далее данные для Space Detail Page
-- Мы пригласили
(17, '11111111-1111-1111-1111-111111111111', '03000000-0000-0000-0000-000000000000', 2, '04000000-0000-0000-0000-000000000000'),
(18, '11111111-1111-1111-1111-111111111111', '01000000-0000-0000-0000-000000000000', 3, '04000000-0000-0000-0000-000000000000'),
-- Хочет к нам
(19, '11111111-1111-1111-1111-111111111111', '05000000-0000-0000-0000-000000000000', NULL, '05000000-0000-0000-0000-000000000000');

SELECT setval('space.invitation_id_seq', max(id)) FROM space.invitation;

INSERT INTO space.user (space_id, user_id, is_owner, role_id) VALUES
('11111111-1111-1111-1111-111111111111', '01d16a1d-18b1-4aaa-8b0f-f61915974c66', false, 1),
('11111111-1111-1111-1111-111111111111', '02d16a1d-18b1-4aaa-8b0f-f61915974c66', true, 1),
('11111111-1111-1111-1111-111111111111', '03d16a1d-18b1-4aaa-8b0f-f61915974c66', false, 3),
('11111111-1111-1111-1111-111111111111', '04d16a1d-18b1-4aaa-8b0f-f61915974c66', false, 1),
('11111111-1111-1111-1111-111111111111', '05d16a1d-18b1-4aaa-8b0f-f61915974c66', false, 2),
('11111111-1111-1111-1111-111111111111', '06d16a1d-18b1-4aaa-8b0f-f61915974c66', false, 3),
('11111111-1111-1111-1111-111111111111', '07d16a1d-18b1-4aaa-8b0f-f61915974c66', false, 1),
('11111111-1111-1111-1111-111111111111', '08d16a1d-18b1-4aaa-8b0f-f61915974c66', false, 2),
('11111111-1111-1111-1111-111111111111', '09d16a1d-18b1-4aaa-8b0f-f61915974c66', false, 3),
('11111111-1111-1111-1111-111111111111', '10d16a1d-18b1-4aaa-8b0f-f61915974c66', false, 1),
('11111111-1111-1111-1111-111111111111', '11d16a1d-18b1-4aaa-8b0f-f61915974c66', false, 2),
('11111111-1111-1111-1111-111111111111', '12d16a1d-18b1-4aaa-8b0f-f61915974c66', false, 3),
('11111111-1111-1111-1111-111111111111', '13d16a1d-18b1-4aaa-8b0f-f61915974c66', false, 1),
('11111111-1111-1111-1111-111111111111', '14d16a1d-18b1-4aaa-8b0f-f61915974c66', false, 2),
('11111111-1111-1111-1111-111111111111', '15d16a1d-18b1-4aaa-8b0f-f61915974c66', false, 3),
('10000000-1000-1000-1000-100000000000', '20d16a1d-18b1-4aaa-8b0f-f61915974c66', false, 1),
('88888888-8888-8888-8888-888888888888', '88d16a1d-18b1-4aaa-8b0f-f61915974c66', false, 1);

INSERT INTO space.link (space_id, creator_id, name, expired_at) VALUES
('11111111-1111-1111-1111-111111111111', '8ad16a1d-18b1-4aaa-8b0f-f61915974c66', 'link1', NOW()),
('22222222-2222-2222-2222-222222222222', '8ad16a1d-18b1-4aaa-8b0f-f61915974c66', 'link2', NOW()),
('33333333-3333-3333-3333-333333333333', '8ad16a1d-18b1-4aaa-8b0f-f61915974c66', 'link3', NOW()),
('44444444-4444-4444-4444-444444444444', '8ad16a1d-18b1-4aaa-8b0f-f61915974c66', 'link4', NOW()),
('55555555-5555-5555-5555-555555555555', '8ad16a1d-18b1-4aaa-8b0f-f61915974c66', 'link5', NOW()),
('66666666-6666-6666-6666-666666666666', '8ad16a1d-18b1-4aaa-8b0f-f61915974c66', 'link6', NOW()),
('77777777-7777-7777-7777-777777777777', '8ad16a1d-18b1-4aaa-8b0f-f61915974c66', 'link7', NOW()),
('88888888-8888-8888-8888-888888888888', '8ad16a1d-18b1-4aaa-8b0f-f61915974c66', 'link8', NOW()),
('11111111-1111-1111-1111-111111111111', '8ad16a1d-18b1-4aaa-8b0f-f61915974c66', 'link11', NOW()),
('11111111-1111-1111-1111-111111111111', '8ad16a1d-18b1-4aaa-8b0f-f61915974c66', 'link2', NOW()),
('11111111-1111-1111-1111-111111111111', '8ad16a1d-18b1-4aaa-8b0f-f61915974c66', 'link3', NOW()),
('11111111-1111-1111-1111-111111111111', '8ad16a1d-18b1-4aaa-8b0f-f61915974c66', 'link4', NOW()),
('11111111-1111-1111-1111-111111111111', '8ad16a1d-18b1-4aaa-8b0f-f61915974c66', 'link5', NOW()),
('11111111-1111-1111-1111-111111111111', '8ad16a1d-18b1-4aaa-8b0f-f61915974c66', 'link6', NOW()),
('11111111-1111-1111-1111-111111111111', '8ad16a1d-18b1-4aaa-8b0f-f61915974c66', 'link7', NOW()),
('11111111-1111-1111-1111-111111111111', '8ad16a1d-18b1-4aaa-8b0f-f61915974c66', 'link8', NOW());

INSERT INTO space.group (id, name, description, space_id) VALUES
(1, 'Группа №1', 'Описание группы №1', '11111111-1111-1111-1111-111111111111'),
(2, 'Группа №2', 'Описание группы №2', '11111111-1111-1111-1111-111111111111'),
(3, 'Группа №3', 'Описание группы №3', '22222222-2222-2222-2222-222222222222'),
(4, 'Группа №4', 'Описание группы №4', '22222222-2222-2222-2222-222222222222'),
(5, 'Группа №5', 'Описание группы №5', '33333333-3333-3333-3333-333333333333');

SELECT setval('space.group_id_seq', max(id)) FROM space.group;
